Coaster_Name,Location,Status,Manufacturer,Year_Introduced,latitude,longitude,Type_Main,Opening_Date,Speed_mph,Height_ft,Inversions,Gforce,Cost
Fēnix (roller coaster),Toverland,Operating,Bolliger & Mabillard,2018,51.3997,5.985,Steel,2018-07-07,59.0,,3,5.0,13000000.0
Manta (SeaWorld Orlando),SeaWorld Orlando,Operating,Bolliger & Mabillard,2009,28.4119,-81.4617,Steel,2009-05-22,56.0,,4,3.7,50000000.0
Wildfire (Kolmården Wildlife Park),Kolmården Wildlife Park,Operating,Rocky Mountain Construction,2016,58.6653,16.4664,Wood,2016-06-28,71.5,183.7,3,4.0,110000000.0
Phaethon (roller coaster),Gyeongju World,Operating,Bolliger & Mabillard,2007,35.8367,129.28,Steel,2007-05-05,55.9,,6,,
InvadR,Busch Gardens Williamsburg,Operating,Great Coasters International,2017,37.2325,-76.6486,Wood,2017-04-07,48.0,,0,,
Big Grizzly Mountain Runaway Mine Cars,Hong Kong Disneyland,Under Maintenance,Vekoma,2012,22.3102,114.0425,Steel,2012-07-14,44.7,,0,,
Joris en de Draak,Other,Operating,Great Coasters International,2010,51.6469,5.0525,Wood,2010-07-01,46.6,82.0,0,,13000000.0
Ozark Wildcat,Celebration City,Removed,Great Coasters International,2003,36.6509,-93.2938,Wood,2003-05-01,45.0,,0,,4000000.0
Twisted Colossus,Six Flags Magic Mountain,Operating,Rocky Mountain Construction,2015,34.4278,-118.5975,Steel,2015-05-23,57.0,,2,,
Storm Coaster,Sea World (Australia),Operating,Mack Rides,2013,-27.9563,153.4258,Steel,2013-12-06,43.5,91.9,0,3.0,20000000.0
Leviathan (Canada's Wonderland),Canada's Wonderland,Operating,Bolliger & Mabillard,2012,43.8445,-79.5424,Steel,2012-05-06,92.0,306.1,0,4.5,28000000.0
Lost Coaster of Superstition Mountain,Indiana Beach,Operating,Custom Coasters International,2002,40.7886,-86.77,Wood,2002-06-06,20.0,,0,,
Jungle Racing,Happy Valley Beijing,Operating,Vekoma,2006,39.868,116.4874,Steel,2006-07-09,30.1,,0,2.2,
Escape of Novgorod,Hansa-Park,Operating,Gerstlauer,2009,54.0744,10.7814,Steel,2009-04-09,62.1,131.2,1,4.3,
Flying Aces (roller coaster),Ferrari World Abu Dhabi,Operating,Intamin,2016,,,Steel,2016-02-24,74.6,206.7,1,5.0,
Tempesto,Busch Gardens Williamsburg,Operating,Premier Rides,2015,37.2347,-76.6421,Steel,2015-04-25,62.0,,1,,
Objectif Mars,Futuroscope,Operating,Intamin,2020,46.6718,0.3703,Steel,2020-06-13,34.2,,0,,22000000.0
Renegade (roller coaster),Valleyfair,Operating,Great Coasters International,2007,44.8008,-93.4611,Wood,2007-05-12,51.3,,0,3.9,6500000.0
Dragonfly (roller coaster),Duinrell,Operating,Gerstlauer,2012,52.1472,4.3785,Steel,2012-03-31,31.1,49.2,0,2.9,
Apple Zapple (Kings Dominion),Kings Dominion,Operating,Mack Rides,2002,,,Steel,2002-03-22,35.0,,0,,
Patriot (Worlds of Fun),Worlds of Fun,Operating,Bolliger & Mabillard,2006,39.1753,-94.4889,Steel,2006-04-08,60.0,,4,,14000000.0
Wild Eagle,Dollywood,Operating,Bolliger & Mabillard,2012,35.7947,-83.5301,Steel,2012-03-24,61.0,,4,,20000000.0
Roller Coaster (Dai Nam Van Hien),Đại Nam Văn Hiến,Operating,Hebei Zhongye Metallurgical Equipment,2008,11.0433,106.6325,Steel,2008-09-11,46.6,110.2,4,4.0,25000000000.0
Ring Racer,Nürburgring,Closed,S&S - Sansei Technologies,2013,50.3361,6.9492,Steel,2013-10-31,99.4,123.0,0,5.6,
Max & Moritz (roller coaster),Efteling,Operating,Mack Rides,2020,51.6481,5.0474,Steel,2020-06-20,22.4,19.7,0,,15000000.0
Shambhala (roller coaster),PortAventura Park,Operating,Bolliger & Mabillard,2012,41.0847,1.1564,Other,2012-05-12,83.3,249.3,0,3.8,
Salama (roller coaster),Linnanmäki,Operating,Maurer AG,2008,60.1872,24.9392,Steel,2008-04-25,37.3,,0,,
Space Mountain: De la Terre à la Lune,Disneyland Park (Paris),Operating,Vekoma,1995,48.8741,2.7793,Steel,2017-05-07,44.0,,3,,
Orion (roller coaster),Kings Island,Operating,Bolliger & Mabillard,2020,39.3427,-84.2627,Steel,2020-07-02,91.0,,0,,30000000.0
Emperor (roller coaster),SeaWorld San Diego,Under construction,Bolliger & Mabillard,2022,32.764,-117.2224,Steel,2022-03-01,63.0,,4,,
Tulireki,Linnanmäki,Operating,Mack Rides,2004,60.1881,24.9381,Steel,2004-04-29,36.0,,0,3.5,
Baron 1898,Efteling,Operating,Bolliger & Mabillard,2015,51.6482,5.0508,Steel,2015-07-01,55.9,98.4,2,,18000000.0
Sky Rocket,Kennywood Park,Operating,Premier Rides,2010,40.3864,-79.8647,Steel,2010-06-29,50.0,,3,0.8,
Hyperion (roller coaster),Energylandia,Operating,Intamin,2018,,,Steel,2018-07-14,88.2,252.6,1,4.8,
New Texas Giant,Six Flags Over Texas,Operating,Rocky Mountain Construction,2011,32.7564,-97.0731,Steel,2011-04-22,65.0,,0,4.2,10000000.0
Lost Gravity (roller coaster),Walibi Holland,Operating,Mack Rides,2016,52.4424,5.7663,Steel,2016-03-24,54.1,105.0,2,4.3,
BuzzSaw (roller coaster),Dreamworld,Removed,Maurer AG,2011,-27.8623,153.3149,Steel,2011-09-17,65.2,151.6,2,5.0,7000000.0
Rage (roller coaster),Adventure Island,Operating,Gerstlauer,2007,51.5325,0.7167,Steel,2007-02-10,43.5,,3,4.5,
The Flash: Vertical Velocity,Six Flags Discovery Kingdom,SBNO (Standing But Not Operating),Intamin,2001,38.1382,-122.2323,Steel,2001-06-08,65.0,,1,,
Abyssus,Energylandia,Operating,Vekoma,2021,49.9992,19.4011,Steel,2021-07-14,62.1,,4,4.5,11000000.0
Superman: Ultimate Flight (Six Flags Discovery Kingdom),Six Flags Discovery Kingdom,Operating,Premier Rides,2012,38.1386,-122.231,Steel,2012-06-30,62.0,,1,,6000000.0
Laff Trakk,Hersheypark,Operating,Maurer AG,2015,40.2935,-76.6551,Steel,2015-05-23,40.0,,0,,14000000.0
Kanonen,Liseberg,Removed,Intamin,2005,57.6933,11.9954,Steel,2005-04-23,46.6,78.7,2,,50000000.0
Polar X-plorer,Legoland Billund,Operating,Zierer,2012,55.737,9.1218,Steel,2012-04-29,40.4,65.6,0,,
Vild-Svinet,BonBon-Land,Operating,Gerstlauer,2003,55.2611,11.8634,Steel,2003-05-16,45.0,72.2,1,,
Blue Fire,Europa-Park,Operating,Mack Rides,2009,48.2624,7.7185,Steel,2009-04-04,62.0,,4,3.8,
Gold Rush (Slagharen),Attractiepark Slagharen,Operating,Gerstlauer,2017,52.6244,6.5619,Steel,2017-04-13,59.0,,2,,5000000.0
Batman: Arkham Asylum (roller coaster),Parque Warner Madrid,Operating,Bolliger & Mabillard,2002,40.2282,-3.5924,Steel,2002-04-06,49.7,,5,4.9,
Dynamite (Freizeitpark Plohn),Freizeitpark Plohn,,Mack Rides,2019,,,Steel,2019-05-18,62.1,144.4,3,,
Titan (Six Flags Over Texas),Six Flags Over Texas,Operating,Giovanola,2001,32.7556,-97.0742,Steel,2001-04-27,85.0,,0,,
Gold Striker,California's Great America,Operating,Great Coasters International,2013,37.3967,-121.9749,Wood,2013-05-31,53.7,,0,4.2,10000000.0
HangTime (roller coaster),Knott's Berry Farm,Operating,Gerstlauer,2018,33.8448,-118.0015,Steel,2018-05-18,57.0,,5,,
The Swarm (roller coaster),Thorpe Park,Operating,Bolliger & Mabillard,2012,51.4056,-0.5154,Steel,2012-03-15,59.0,126.6,5,4.5,
Pony Express (roller coaster),Knott's Berry Farm,Operating,Zamperla,2008,33.8429,-118.0013,Steel,2008-05-22,38.0,,0,,
Hakugei (roller coaster),Nagashima Spa Land,Operating,Rocky Mountain Construction,1994,35.0303,136.7347,Steel,2019-03-28,66.5,180.4,3,4.0,2800000000.0
Tiki-Waka (roller coaster),Walibi Belgium,Operating,Gerstlauer,2018,50.6971,4.5871,Steel,2018-04-07,34.2,,0,,7800000.0
Texas Stingray,SeaWorld San Antonio,Operating,Great Coasters International,2020,29.4524,-98.699,Wood,2020-02-22,55.0,,0,,
Thundercoaster (TusenFryd),TusenFryd,Operating,Vekoma,2001,59.7472,10.7773,Wood,2001-05-01,57.8,,0,2.4,
Medusa Steel Coaster,Six Flags México,Operating,Rocky Mountain Construction,2014,19.2945,-99.2112,Steel,2014-06-14,58.0,,3,,
Fiorano GT Challenge,Other,Operating,Maurer AG,2010,24.4864,54.6042,Steel,2010-11-04,59.0,,0,1.5,
Raik,Phantasialand,Operating,Vekoma,2016,50.7996,6.8828,Steel,2016-06-30,38.5,,0,,
Verbolten,Busch Gardens Williamsburg,Operating,Zierer,2012,37.2315,-76.6449,Steel,2012-05-18,53.0,,0,,
Formule X,Drievliet Family Park,Operating,Maurer AG,2007,52.0544,4.3496,Steel,2007-04-06,45.0,,2,,
MP Xpress,Movie Park Germany,Operating,Vekoma,2001,51.6246,6.9733,Steel,2001-04-06,49.7,109.3,5,,
Fahrenheit (roller coaster),Hersheypark,Operating,Intamin,2008,40.291,-76.6552,Steel,2008-05-24,58.0,,6,,12100000.0
Formuła (Energylandia),Energylandia,Operating,Vekoma,2016,,,Steel,2016-06-25,49.2,81.0,3,3.8,
Do-Dodonpa,Fuji-Q Highland,Closed,S&S – Sansei Technologies,2001,35.4877,138.7823,Steel,2001-12-21,111.8,160.8,1,,
Colossus (Six Flags Magic Mountain),Six Flags Magic Mountain,Operating,Rocky Mountain Construction,1978,34.4278,-118.5975,Steel,2015-05-23,57.0,,2,,
Intimidator 305,Kings Dominion,Operating,Intamin,2010,37.8375,-77.4397,Steel,2010-04-02,90.0,,0,,25000000.0
Canopy Flyer,Universal Studios Singapore,Operating,Setpoint Inc.,2010,1.2534,103.824,Steel,2010-03-18,,,0,,
Typhoon (Bobbejaanland),Bobbejaanland,Operating,Gerstlauer,2004,51.1997,4.9055,Steel,2004-04-10,49.7,84.3,4,5.0,5000000.0
ArieForce One,Fun Spot America Atlanta,Under construction,Rocky Mountain Construction,2022,,,Steel,2022-01-01,64.0,,4,3.75,13000000.0
Abyss (roller coaster),Adventure World,Operating,Gerstlauer,2013,-32.0955,115.817,Steel,2013-11-01,52.8,98.4,3,4.5,12000000.0
Family Inverted Coaster (Happy Valley Shanghai),Happy Valley Shanghai,Operating,Bolliger & Mabillard,2014,31.0973,121.2087,Steel,2014-07-05,30.4,,0,,
Maverick (roller coaster),Cedar Point,Operating,Intamin,2007,41.4852,-82.6925,Steel,2007-05-26,70.0,,2,,21000000.0
Toboggan (Conneaut Lake Park),Conneaut Lake Park,Removed,Chance Rides,2002,41.6341,-80.3137,Steel,2002-01-01,,,0,,
Steel Lasso,Frontier City,Operating,Chance Morgan,2008,35.5838,-97.4405,Steel,2008-07-18,30.0,48.9,0,2.2,4000000.0
White Lightning (roller coaster),Fun Spot America,Operating,Great Coasters International,2013,28.4662,-81.4564,Wood,2013-06-07,44.3,,0,,3500000.0
Mystic Timbers,Kings Island,Operating,Great Coasters International,2017,,,Wood,2017-04-15,53.0,,0,,15000000.0
Hagrid's Magical Creatures Motorbike Adventure,Universal's Islands of Adventure,Operating,Intamin,2019,28.4298,-81.5859,Steel,2019-06-13,50.0,,0,,300000000.0
WhirlWind (Seabreeze),Seabreeze Amusement Park,Operating,Maurer AG,2004,43.234,-77.5429,Steel,2004-01-01,37.3,,0,,2000000.0
Lightning Rod (roller coaster),Dollywood,Operating,Rocky Mountain Construction,2016,,,Steel,2016-06-13,73.0,,0,3.5,22000000.0
The Smiler,Alton Towers,Operating,Gerstlauer,2013,52.9872,-1.8953,Steel,2013-05-31,52.8,,14,4.8,18000000.0
Defiance (roller coaster),Glenwood Caverns Adventure Park,Under construction,Gerstlauer,2022,,,Steel,2022-01-01,56.0,,2,,
Cobra (Tivoli Friheden),Tivoli Friheden,Operating,Sartori Rides,2008,56.1358,10.1979,Steel,2008-06-28,43.5,,3,4.5,
Mystery Mine,Dollywood,Operating,Gerstlauer,2007,35.7956,-83.5301,Steel,2007-04-13,43.5,,2,,17500000.0
Fury 325,Carowinds,Operating,Bolliger & Mabillard,2015,35.1055,-80.9425,Steel,2015-03-28,95.0,,0,,30000000.0
De Vliegende Hollander,Efteling,Operating,Kumbak,2007,51.648,5.0474,Steel,2007-04-01,42.9,59.1,0,2.0,20000000.0
Thirteen (roller coaster),Alton Towers,Operating,Intamin,2010,52.9847,-1.8904,Steel,2010-03-20,42.0,,0,3.2,15000000.0
Wicked (roller coaster),Lagoon Amusement Park,Operating,Zierer,2007,40.9839,-111.8956,Steel,2007-06-01,55.0,,1,4.8,10000000.0
The Flying Dinosaur,Universal Studios Japan,Operating,Bolliger & Mabillard,2016,34.6634,135.4305,Steel,2016-03-18,62.0,,5,,10000000000.0
Impulse (roller coaster),Knoebels Amusement Resort,Operating,Zierer,2015,40.8798,-76.5018,Steel,2015-04-25,55.0,,4,,
Scream (roller coaster),Six Flags Magic Mountain,Operating,Bolliger & Mabillard,2003,34.4286,-118.5983,Steel,2003-04-12,63.0,,7,4.0,
Steel Hawg,Indiana Beach,Operating,S&S – Sansei Technologies,2008,40.7909,-86.7718,Steel,2008-07-05,41.0,,2,,
Maxx Force,Six Flags Great America,Operating,S&S - Sansei Technologies,2019,,,Steel,2019-07-04,78.0,,5,4.5,15000000.0
Escape from Madagascar,Dreamworld,Operating,Vekoma,2002,-27.8639,153.3169,Steel,2002-12-26,26.0,48.9,0,2.2,
Hydra the Revenge,Dorney Park & Wildwater Kingdom,Operating,Bolliger & Mabillard,2005,40.581,-75.5325,Steel,2005-05-07,53.0,,7,,13000000.0
Star Trek: Operation Enterprise,Movie Park Germany,Operating,Mack Rides,2017,51.6223,6.9729,Steel,2017-06-14,55.9,131.2,3,,
Candymonium,Hersheypark,Operating,Bolliger & Mabillard,2020,40.2863,-76.659,Steel,2020-07-03,76.0,,0,,
Untamed (Walibi Holland),Walibi Holland,Operating,Rocky Mountain Construction,2000,52.4428,5.7608,Steel,2019-07-01,57.2,,5,,
Twist n' Shout,Loudoun Castle,Removed,Anton Schwarzkopf,2003,55.6104,-4.3689,Steel,2003-04-01,41.0,,1,,
Pégase Express,Parc Astérix,Operating,Gerstlauer,2017,49.1336,2.5737,Steel,2017-06-11,32.3,,0,,16000000.0
Ravine Flyer II,Waldameer Park,Operating,The Gravity Group,2008,42.1093,-80.157,Wood,2008-05-17,60.0,,0,3.5,6000000.0
Orkanen,Fårup Sommarland,Operating,Vekoma,2013,57.27,9.6453,Steel,2013-06-05,46.6,,0,3.0,35000000.0
Mine Blower,Fun Spot America (Kissimmee),Operating,The Gravity Group,2017,,,Wood,2017-06-23,48.5,,1,,6000000.0
Dæmonen,Tivoli Gardens,Operating,Bolliger & Mabillard,2004,55.6728,12.5703,Steel,2004-04-16,47.8,91.9,3,4.0,75000000.0
Dive Coaster (Chimelong Paradise),Chimelong Paradise,Operating,Bolliger & Mabillard,2008,22.9996,113.3233,Steel,2008-02-07,68.4,,1,4.4,
Junker (roller coaster),PowerPark,Operating,Gerstlauer,2015,63.2309,22.8555,Steel,2015-05-30,64.9,,3,4.5,
Saw – The Ride,Thorpe Park,Operating,Gerstlauer,2009,51.4026,-0.5119,Steel,2009-03-14,55.0,,3,,13500000.0
Pitts Special (roller coaster),PowerPark,Operating,Gerstlauer,2020,63.2307,22.8545,Steel,2020-06-24,62.1,142.7,0,4.5,
Dawson Duel (roller coaster),Other,Operating,Wiegand,2017,50.8483,2.9475,Steel,2017-05-05,24.9,,0,,4000000.0
Kingda Ka,Six Flags Great Adventure,Operating,Intamin,2005,40.1392,-74.4365,Steel,2005-05-21,128.0,,0,,25000000.0
Helix (roller coaster),Liseberg,Operating,Mack Rides,2014,57.6953,11.9908,Steel,2014-04-26,62.1,134.5,7,4.3,
Twisted Timbers,Kings Dominion,Operating,Rocky Mountain Construction,2018,,,Steel,2018-03-24,54.0,,3,,
Krampus Expédition,Nigloland,Operating,Mack Rides,2021,-48.2617,4.6142,Steel,2021-06-12,49.0,,0,3.5,12000000.0
Spinball Whizzer,Alton Towers,Operating,Maurer AG,2004,52.9889,-1.8946,Steel,2004-03-27,37.3,55.8,0,,3500000.0
Wakala (roller coaster),Bellewaerde,Operating,Gerstlauer,2020,50.849,2.9475,Steel,2020-07-01,31.1,,0,,7500000.0
Roller Soaker,Hersheypark,Removed,Setpoint USA,2002,40.2914,-76.6531,Steel,2002-05-04,20.5,,0,,
Lech Coaster,Legendia,Operating,Vekoma,2017,,,Steel,2017-07-01,59.0,131.2,3,,12000000.0
The Ride to Happiness,Plopsaland De Panne,Operating,Mack Rides,2021,51.081,2.5989,Steel,2021-07-01,55.9,,6,,17500000.0
Wooden Coaster - Fireball,Happy Valley Shanghai,Operating,Martin & Vleminckx,2009,31.0987,121.214,Wood,2009-08-16,56.0,,0,,
Hair Raiser,Ocean Park Hong Kong,Operating,Bolliger & Mabillard,2011,22.2357,114.1725,Steel,2011-12-08,54.7,,4,4.0,
Runaway Tram,Morey's Piers,Operating,Zierer,2019,38.9894,-74.8034,Steel,2019-08-09,28.6,,0,,4000000.0
Insane Speed,Janfusun Fancyworld,Operating,Bolliger & Mabillard,2001,23.6187,120.5758,Steel,2001-01-01,53.4,,4,4.0,
Oblivion: The Black Hole,Gardaland,Operating,Bolliger & Mabillard,2015,45.4582,10.7111,Steel,2015-03-28,62.2,,2,,
Nickelodeon Slime Streak,Nickelodeon Universe,Operating,Chance Rides,2019,40.8061,-74.0706,Steel,2019-10-25,37.0,,0,2.5,
X-Coaster,Magic Springs and Crystal Falls,Operating,Maurer AG,2006,34.5179,-93.0151,Steel,2006-05-27,65.0,,0,,4000000.0
New Mexico Rattler,Cliff's Amusement Park,Operating,,2002,35.143,-106.5884,Wood,2002-09-28,47.0,,0,,2000000.0
Eejanaika (roller coaster),Fuji-Q Highland,Operating,S&S Arrow,2006,35.4884,138.7808,Steel,2006-07-19,78.3,,3,,3500000000.0
Atlantis Adventure,Lotte World,Operating,Intamin,2003,,,Steel,2003-01-01,46.6,,0,,
Battlestar Galactica (roller coaster),Other,Operating,Vekoma,2010,1.2541,103.8223,Steel,2010-03-18,51.0,,5,,
Timber Drop,Fraispertuis City,Operating,S&S – Sansei Technologies,2011,48.3242,6.7295,Steel,2011-07-12,41.0,96.0,2,,3000000.0
Parrot Coaster,Chime-Long Ocean Kingdom,Operating,Bolliger & Mabillard,2014,22.1016,113.529,Steel,2014-01-25,67.0,,3,,
Wooden Warrior,Quassy Amusement Park,Operating,The Gravity Group,2011,41.5264,-73.1509,Wood,2011-04-23,35.0,,0,,
Expedition Everest,Disney's Animal Kingdom,Operating,Vekoma,2006,,,Other,2006-04-07,50.0,,0,3.0,100000000.0
Leviathan (Sea World),Sea World,Under construction,Martin & Vleminckx,2022,-27.9574,153.4263,Wood,2022-01-01,49.7,105.0,0,,20000000.0
Electric Eel (roller coaster),SeaWorld San Diego,Operating,Premier Rides,2018,32.765,-117.224,Steel,2018-05-10,62.0,,1,,
Krake,Heide Park,Operating,Bolliger & Mabillard,2011,53.0247,9.879,Steel,2011-04-16,64.0,134.5,1,,12000000.0
The Cú Chulainn Coaster,Tayto Park,Operating,The Gravity Group,2015,53.5427,-6.4628,Wood,2015-06-06,55.9,105.0,0,,8500000.0
Enchanted Airways,Universal Studios Singapore,Operating,Vekoma,2010,1.255,103.8222,Steel,2010-03-18,28.5,42.7,0,,
Roar-o-Saurus,Story Land,Operating,The Gravity Group,2014,44.1161,-71.1828,Wood,2014-05-24,33.0,,0,,
Dr. Diabolical’s Cliffhanger,Six Flags Fiesta Texas,Under construction,Bolliger & Mabillard,2022,,,Steel,2022-01-01,60.0,,2,,
Tron Lightcycle Power Run,Other,,Vekoma,2016,,,Steel,2016-06-16,59.3,,0,4.0,
Behemoth (roller coaster),Canada's Wonderland,Operating,Bolliger & Mabillard,2008,43.839,-79.5406,Steel,2008-05-04,77.1,229.7,0,4.5,26000000.0
Vonkaputous,Linnanmäki,Removed,Premier Rides,2001,60.1883,24.9381,Steel,2001-05-12,37.3,,0,2.5,22000000.0
Arthur – The Ride,Europa-Park,Operating,Mack Rides,2014,48.2639,7.7237,Steel,2014-06-01,19.3,44.3,0,,25000000.0
X2 (roller coaster),Six Flags Magic Mountain,Operating,Arrow Dynamics,2002,34.421,-118.5929,Steel,2002-01-12,76.0,,2,4.0,45000000.0
Flying Turns (Knoebels),Knoebels Amusement Resort,Operating,Knoebels Amusement Resort,2013,40.8784,-76.5051,Wood,2013-10-05,24.0,,0,,
Crystal Wing,Happy Valley Beijing,Operating,Bolliger & Mabillard,2006,39.866,116.4885,Steel,2006-07-09,51.0,,2,,
Spinning Dragons,Worlds of Fun,Operating,Gerstlauer,2004,39.1754,-94.4879,Steel,2004-04-17,31.0,,0,,4000000.0
Mulholland Madness,Disney California Adventure,Operating,Mack Rides,2001,33.8063,-117.923,Steel,2001-02-08,27.0,,0,,
El Toro (Freizeitpark Plohn),Freizeitpark Plohn,Operating,Great Coasters International,2009,50.566,12.401,Wood,2009-04-10,45.6,80.4,0,,
Kawasemi,Tobu Zoo,Operating,Intamin,2008,,,Steel,2008-01-01,52.8,,0,,
Steel Vengeance,Cedar Point,Operating,Rocky Mountain Construction,2018,41.4862,-82.6933,Steel,2018-05-05,74.0,,4,,
Dinoconda,China Dinosaurs Park,Operating,S&S – Sansei Technologies,2012,31.8245,119.9955,Steel,2012-04-29,78.3,,3,,
Crush's Coaster,Walt Disney Studios Park,Operating,Maurer AG,2007,48.8682,2.7777,Steel,2007-06-09,37.7,,0,,
Black Diamond (roller coaster),Knoebels Amusement Resort,Operating,Philadelphia Toboggan Coasters,2011,40.8797,-76.5068,Steel,2011-10-08,,,0,,2250000.0
Nitro (Six Flags Great Adventure),Six Flags Great Adventure,Operating,Bolliger & Mabillard,2001,40.1356,-74.4444,Steel,2001-04-07,80.0,,0,4.3,20000000.0
Hollywood Rip Ride Rockit,Universal Studios Florida,Operating,Maurer AG,2009,28.4749,-81.4683,Steel,2009-08-19,65.0,,0,4.18,45000000.0
Space Fantasy – The Ride,Universal Studios Japan,Operating,Mack Rides,2010,34.6653,135.4357,Steel,2010-03-18,,23.0,0,,
Eurofighter (Zoosafari Fasanolandia),Zoosafari Fasanolandia,Operating,Gerstlauer,2011,40.8303,17.3398,Steel,2011-08-06,43.5,75.5,2,,2187000.0
Taron (roller coaster),Phantasialand,Operating,Intamin,2016,50.7996,6.8828,Steel,2016-06-30,72.7,98.4,0,,
Raptor (Gardaland),Gardaland,Operating,Bolliger & Mabillard,2011,45.4571,10.7119,Steel,2011-04-01,55.9,,3,,
Puss in Boots' Giant Journey,Universal Studios Singapore,Operating,Zamperla,2015,1.2545,103.8245,Steel,2015-04-08,,55.8,0,,
Shock Wave (Brean Leisure Park),Brean Leisure Park,Operating,Pinfari,2004,51.2861,-3.0089,Steel,2004-01-01,,,1,,
Alpina Blitz,Nigloland,Operating,Mack Rides,2014,48.2617,4.6149,Steel,2014-04-12,51.6,108.3,0,4.3,8000000.0
Wicked Cyclone,Six Flags New England,Operating,Rocky Mountain Construction,2015,42.0403,-72.6156,Steel,2015-05-24,55.0,,3,,10000000.0
Dragonflier,Dollywood,Operating,Vekoma,2019,35.7977,-83.5312,Steel,2019-05-10,46.6,,0,3.5,
Dragon's Fury (roller coaster),Chessington World of Adventures,Operating,Maurer AG,2004,51.348,-0.319,Steel,2004-03-27,,,0,,
G Force (roller coaster),Drayton Manor Theme Park,Removed,Maurer AG,2005,52.6128,-1.7147,Other,2005-07-26,43.5,,3,4.3,2500000.0
Diving Coaster,Happy Valley Shanghai,Operating,Bolliger & Mabillard,2009,31.0979,121.209,Steel,2009-08-16,68.4,213.3,1,4.0,
Goofy's Sky School,Disney California Adventure,Operating,Mack Rides,2001,33.8063,-117.923,Steel,2001-02-08,27.0,,0,,
The Oath of Kärnan,Hansa-Park,Operating,Gerstlauer,2015,54.0769,10.78,Steel,2015-07-01,78.9,239.5,1,5.0,2.0
Mumbo Jumbo (roller coaster),Flamingo Land Resort,Operating,S&S – Sansei Technologies,2009,54.209,-0.808,Steel,2009-07-04,41.0,,2,3.0,4000000.0
Thunder Dolphin,Tokyo Dome City Attractions,Operating,Intamin,2003,35.7063,139.7533,Steel,2003-05-01,80.8,262.5,0,4.4,37000000.0
Booster Bike,Toverland,Operating,Vekoma,2004,51.3975,5.9842,Steel,2004-07-27,46.6,49.2,0,2.5,
Lightning (roller coaster),Kuwait Entertainment City,Removed,Bolliger & Mabillard,2004,29.3456,47.8182,Steel,2004-01-01,53.0,,5,,
Thunderbird (Holiday World),Holiday World & Splashin' Safari,Operating,Bolliger & Mabillard,2014,38.1242,-86.909,Steel,2015-04-25,60.0,,4,,22000000.0
Cheetah Hunt,Busch Gardens Tampa Bay,Operating,Intamin,2011,28.0342,-82.42,Steel,2011-05-27,60.0,,1,4.0,
Dare Devil Dive,Six Flags Over Georgia,Operating,Gerstlauer,2011,33.7703,-84.5479,Steel,2011-05-28,52.0,,3,,9000000.0
Slinky Dog Dash,Disney's Hollywood Studios,Operating,Mack Rides,2018,28.3594,-81.5607,Steel,2018-06-30,40.0,,0,,
The Rattler (roller coaster),Six Flags Fiesta Texas,Operating,Rocky Mountain Construction,1992,,,Steel,2013-05-25,70.0,,1,,10000000.0
Space Mountain: Mission 2,Disneyland Park (Paris),Operating,Vekoma,2005,48.8741,2.7793,Steel,2017-05-07,44.0,,3,,
Tranan,Skara Sommarland,Operating,S&S – Sansei Technologies,2009,58.41,13.55,Steel,2009-05-29,24.9,,0,2.5,35000000.0
Superman El Último Escape,Six Flags México,Operating,D. H. Morgan Manufacturing,2004,,,Steel,2004-11-19,74.6,,0,,
Goliath (Six Flags Great America),Six Flags Great America,Operating,Rocky Mountain Construction,2014,42.3661,-87.9311,Other,2014-06-19,72.0,,2,,
Manta (SeaWorld San Diego),SeaWorld San Diego,Operating,Mack Rides,2012,32.7671,-117.228,Steel,2012-05-26,43.0,,0,3.5,
Steel Curtain (roller coaster),Kennywood,Operating,S&S - Sansei Technologies,2019,40.3892,-79.8665,Steel,2019-07-13,75.0,,9,,
Full Throttle (roller coaster),Six Flags Magic Mountain,Operating,Premier Rides,2013,34.4232,-118.5972,Steel,2013-06-22,70.0,,2,4.0,6000000.0
Sequoia Adventure,Gardaland,Closed,S&S - Sansei Technologies,2005,45.457,10.7076,Steel,2005-04-30,,,3,,
TMNT Shellraiser,Nickelodeon Universe,Operating,Gerstlauer,2019,40.8066,-74.0712,Steel,2019-10-25,62.1,,7,,
Looping Star (Clacton Pier),Clacton Pier,Operating,Pinfari,2021,51.7864,-1.155,Steel,2021-10-23,,36.1,1,,
Sky Scrapper,World Joyland,Operating,Bolliger & Mabillard,2011,31.4975,120.0411,Steel,2011-04-30,54.7,,5,3.3,
Kentucky Rumbler,Beech Bend Park,Operating,Great Coasters International,2006,37.0225,-86.4017,Wood,2006-05-06,47.0,,0,,4600000.0
Raging Spirits,Tokyo DisneySea,Operating,Intamin,2005,35.6277,139.8808,Steel,2005-07-21,37.3,,1,,8000000000.0
Jimmy Neutron's Atomic Flyer,Movie Park Germany,Operating,Vekoma,2007,51.62,6.9725,Steel,2007-03-01,,42.7,0,,
Yukon Striker,Canada's Wonderland,Operating,Bolliger & Mabillard,2019,43.8402,-79.543,Steel,2019-05-03,80.8,223.1,4,,
Atlantica SuperSplash,Europa Park,,Mack Rides,2005,48.2622,7.7211,Other,2005-03-19,49.7,98.4,0,4.0,5000000.0
Formula Rossa,Ferrari World Abu Dhabi,Operating,Intamin,2010,24.4842,54.6124,Steel,2010-11-04,149.1,170.6,0,4.8,
Deep Space (roller coaster),Adlabs Imagica,Operating,Premier Rides,2013,18.7647,-73.2805,Steel,2013-01-01,42.5,,2,,
GateKeeper (roller coaster),Cedar Point,Operating,Bolliger & Mabillard,2013,41.4806,-82.679,Steel,2013-05-11,67.0,,6,4.0,30000000.0
Wicker Man (roller coaster),Alton Towers,Operating,Great Coasters International,2018,52.9889,-1.8886,Wood,2018-03-20,43.6,,0,,16000000.0
Grand Exposition Coaster,Silver Dollar City,Operating,Zamperla,2006,36.6704,-93.3366,Steel,2006-04-01,,,0,,
Griffon (roller coaster),Busch Gardens Williamsburg,Operating,Bolliger & Mabillard,2007,37.2344,-76.6475,Steel,2007-05-18,71.0,,2,4.0,15600000.0
Avalancha (roller coaster),Xetulul Theme Park,Operating,Intamin,2002,,,Steel,2002-01-01,54.7,,8,,
Copperhead Strike,Carowinds,Operating,Mack Rides GmbH & Co KG,2019,35.1011,-80.9426,Steel,2019-03-23,50.0,,5,,26000000.0
Hell Cat,Clementon Amusement Park,Operating,S&S – Sansei Technologies,2004,39.802,-74.9847,Wood,2004-09-18,56.0,,0,,4000000.0
Rita (roller coaster),Alton Towers,Operating,Intamin,2005,52.985,-1.8905,Steel,2005-04-01,61.1,60.4,0,4.7,8000000.0
Harry Potter and the Escape from Gringotts,Universal Studios Florida,Operating,Intamin,2014,28.4803,-81.47,Steel,2014-07-08,,,0,,
Star Jet,Casino Pier,Removed,E&F Miler Industries,2002,39.9428,-74.0683,Steel,2002-01-01,,,0,,
Kondaa,Walibi Belgium,Operating,Intamin,2021,50.6977,4.585,Steel,2021-05-08,70.2,,0,,25000000.0
RailBlazer,California's Great America,Operating,Rocky Mountain Construction,2018,37.3951,-121.9737,Steel,2018-06-14,52.0,,3,,
X-Flight (Six Flags Great America),Six Flags Great America,Operating,Bolliger & Mabillard,2012,42.3654,-87.9338,Steel,2012-05-16,55.0,,5,,12.0
Scooby-Doo Spooky Coaster,Warner Bros. Movie World,Operating,Mack Rides,2002,-27.9078,153.3111,Steel,2002-06-17,27.7,55.8,0,2.4,13000000.0
Falcon (Duinrell),Duinrell,Operating,Gerstlauer,2009,52.1477,4.3792,Steel,2009-05-14,43.5,72.2,3,4.5,
Mako (roller coaster),SeaWorld Orlando,Operating,Bolliger & Mabillard,2016,28.4095,-81.4591,Steel,2016-06-10,73.0,,0,,
Sandy's Blasting Bronco,Nickelodeon Universe,Operating,Intamin,2020,40.8056,-74.071,Steel,2020-10-01,47.8,,4,,
El Toro (Six Flags Great Adventure),Six Flags Great Adventure,Closed,Intamin,2006,40.1389,-74.4346,Wood,2006-06-12,70.0,,0,,
Iron Rattler,Six Flags Fiesta Texas,Operating,Rocky Mountain Construction,2013,,,Steel,2013-05-25,70.0,,1,,10000000.0
Dragon Express,Adventure World,Operating,Zamperla,2003,-32.097,115.8181,Steel,2003-09-27,,13.1,0,,
The Joker (Six Flags Discovery Kingdom),Six Flags Discovery Kingdom,Operating,Rocky Mountain Construction,2016,,,Other,2016-05-29,53.0,,3,,
Wonder Woman Golden Lasso Coaster,Six Flags Fiesta Texas,Operating,Rocky Mountain Construction,2018,29.5951,-98.6085,Steel,2018-05-12,52.0,,3,,
Speed Monster,TusenFryd,Operating,Intamin,2006,59.7482,10.777,Steel,2006-04-23,55.9,,3,4.0,7500000.0
Muntanya Russa (Tibidabo Amusement Park),Tibidabo Amusement Park,Operating,Vekoma,2008,41.4228,2.1198,Steel,2008-12-23,49.7,,0,3.5,
Accelerator (roller coaster),Drayton Manor,Operating,Vekoma,2011,52.6108,-1.7134,Steel,2011-04-21,37.3,65.6,0,3.0,2100000.0
Wildfire (Silver Dollar City),Silver Dollar City,Operating,Bolliger & Mabillard,2001,36.6686,-93.3425,Steel,2001-04-04,66.0,,5,3.6,14000000.0
Wicked Twister,Cedar Point,Closed,Intamin,2002,41.482,-82.6799,Steel,2002-05-05,72.0,,0,,9000000.0
Storm Runner,Hersheypark,Operating,Intamin,2004,40.2897,-76.6536,Steel,2004-05-08,75.0,,3,5.0,12500000.0
Galaxy Orbiter,Galaxyland,Operating,Gerstlauer,2007,53.5236,-113.6211,Steel,2007-07-17,24.9,147.6,0,3.26,
Acrobat (roller coaster),Nagashima Spa Land,Operating,Bolliger & Mabillard,2015,,,Steel,2015-07-18,55.9,,4,,
Wonder Mountain's Guardian,Canada's Wonderland,Operating,Art Engineering,2014,43.84,-79.54,Steel,2014-05-24,,60.0,0,,10000000.0
Batman: The Dark Knight (roller coaster),Six Flags New England,Operating,Bolliger & Mabillard,2002,42.0353,-72.6131,Steel,2002-04-20,55.0,,5,,9500000.0
Ice Breaker (roller coaster),SeaWorld Orlando,Under construction,Premier Rides,2022,28.4088,-81.4633,Steel,2022-02-01,52.0,,0,,8200000.0
Coast Rider,Knott's Berry Farm,Operating,Mack Rides,2013,33.845,-118.0019,Steel,2013-05-25,,,0,,
Lightning Run,Kentucky Kingdom,Operating,Chance Rides,2014,38.1965,-85.744,Other,2014-05-24,55.0,,0,,
Wonder Woman Coaster,Six Flags Mexico,Operating,S&S – Sansei Technologies,2018,19.2935,-99.2058,Steel,2018-06-01,38.0,,6,,
Red Force (roller coaster),Ferrari Land,Operating,Intamin,2017,,,Steel,2017-04-07,111.8,367.5,0,,
Freedom Flyer,Fun Spot America,Operating,Vekoma,2013,28.4662,-81.4561,Steel,2013-06-08,34.2,,0,2.5,
Bat (Lagoon),Lagoon Amusement Park,Operating,Vekoma,2005,40.9862,-111.8926,Steel,2005-04-16,,48.6,0,2.2,
Kumali,Flamingo Land,Operating,Vekoma,2006,54.2117,-0.8066,Steel,2006-01-01,54.9,,4,4.7,6000000.0
Storm Chaser (Paultons Park),Paultons Park,Operating,Mack Rides,2021,50.949,-1.5505,Steel,2021-04-12,,,0,,
Outlaw Run,Silver Dollar City,Operating,Rocky Mountain Construction,2013,36.6681,-93.34,Wood,2013-03-15,68.0,,3,,10000000.0
Cannibal (roller coaster),Lagoon,Operating,Lagoon Corporation,2015,40.9874,-111.8955,Steel,2015-07-02,70.0,,4,4.2,22000000.0
Thunderbird (PowerPark),PowerPark,Operating,Great Coasters International,2006,63.2306,22.8579,Wood,2006-04-29,48.0,,0,,
SheiKra,Busch Gardens Tampa Bay,Operating,Bolliger & Mabillard,2005,28.0367,-82.4244,Steel,2005-05-21,70.0,,1,4.0,13500000.0
Pulsar (roller coaster),Walibi Belgium,Operating,Mack Rides,2016,50.6988,4.5903,Steel,2016-06-04,62.8,147.6,0,,8500000.0
Le Vampire,La Ronde,Operating,Bolliger & Mabillard,2002,45.5225,-73.5381,Steel,2002-05-18,50.0,,5,4.0,
Adrenaline Peak,Oaks Amusement Park,Operating,Gerstlauer,2018,45.4716,-122.6623,Steel,2018-03-24,45.0,,3,,5000000.0
Vilda Musen,Gröna Lund,Operating,Gerstlauer,2003,59.3231,18.0956,Steel,2003-04-18,34.2,,0,,
The Gauntlet (roller coaster),Magic Springs and Crystal Falls,Operating,Vekoma,2004,38.1941,-85.747,Steel,2004-04-10,49.7,,5,,7000000.0
Silver Bullet (Knott's Berry Farm),Knott's Berry Farm,Operating,Bolliger & Mabillard,2004,33.8444,-117.9997,Steel,2004-12-07,55.0,,6,3.0,16000000.0
Wodan Timbur Coaster,Europa-Park,Operating,Great Coasters International,2012,48.2614,7.7192,Wood,2012-03-31,62.1,,0,3.5,10000000.0
T Express,Everland,Operating,Intamin,2008,37.2898,127.2024,Wood,2008-03-14,64.6,183.8,0,,
Kiddy Hawk,Carowinds,Operating,Vekoma,2003,,,Steel,2003-03-22,26.0,,0,2.2,
Thunderhead (roller coaster),Dollywood,Operating,Great Coasters International,2004,35.7967,-83.5319,Wood,2004-04-03,53.7,,0,,7000000.0
Silver Streak (Canada's Wonderland),Canada's Wonderland,Operating,Vekoma,2001,43.8424,-79.5462,Steel,2001-05-06,26.0,,0,,
Cyclone (Six Flags New England),Six Flags New England,Operating,Rocky Mountain Construction,1983,42.0403,-72.6156,Steel,2015-05-24,55.0,,3,,10000000.0
Hades 360,Mt. Olympus Water & Theme Park,Operating,The Gravity Group,2005,43.617,-89.7893,Wood,2013-05-14,60.0,,1,3.5,
Jet Rescue,Sea World (Australia),Operating,Intamin,2008,-27.9568,153.4261,Steel,2008-12-26,43.5,19.7,0,2.5,
VelociCoaster,Universal's Islands of Adventure,Operating,Intamin,2021,28.4713,-81.472,Steel,2021-06-10,70.0,,4,,
Vertical Velocity (roller coaster),Six Flags Great America,Temporarily closed,Intamin,2001,42.3679,-87.9324,Steel,2001-05-18,70.0,,0,,
Batwing (roller coaster),Six Flags America,Operating,Vekoma,2001,38.9103,-76.7786,Steel,2001-06-16,50.0,,5,4.3,
Spider (roller coaster),Lagoon,Operating,Maurer AG,2003,40.9844,-111.895,Steel,2003-04-01,37.3,,0,,3000000.0
Balder (roller coaster),Liseberg,Operating,Intamin,2003,57.6933,11.9961,Wood,2003-04-12,55.9,118.1,0,,100000000.0
Valkyria (roller coaster),Liseberg,Operating,Bolliger & Mabillard,2018,57.6932,11.9953,Steel,2018-08-10,65.2,,3,,
Jubilee Odyssey,Fantasy Island (UK amusement park),Operating,Vekoma,2002,53.1922,0.3461,Steel,2002-05-23,63.0,,5,4.8,28000000.0
Steel Venom (Valleyfair),Valleyfair,Operating,Intamin,2003,44.7978,-93.4517,Steel,2003-05-17,68.0,,0,,8500000.0
Harpy (Xishuangbanna Theme Park),Xishuangbanna Theme Park,Closed,Bolliger & Mabillard,2015,22.0277,100.742,Steel,2015-09-26,52.8,,2,,
Tom & Jerry (roller coaster),Parque Warner Madrid,Operating,Zierer,2002,40.2298,-3.5961,Steel,2002-04-06,22.0,,0,,
Primeval Whirl,Disney's Animal Kingdom,Removed,Reverchon Industries,2002,28.3564,-81.5877,Steel,2002-03-31,29.1,,0,2.5,
Turbulence (roller coaster),Adventureland (New York),Operating,Mack Rides,2015,40.7525,-73.4197,Steel,2015-05-22,40.0,,0,,5000000.0
Tantrum (roller coaster),Six Flags Darien Lake,Operating,Gerstlauer,2018,42.9294,-78.3849,Steel,2018-05-25,52.8,,3,,
Talon (roller coaster),Dorney Park & Wildwater Kingdom,Operating,Bolliger & Mabillard,2001,40.579,-75.53,Steel,2001-05-05,58.0,,4,4.5,13000000.0
Galactica (roller coaster),Alton Towers,Operating,Bolliger & Mabillard,2002,52.9859,-1.8821,Steel,2002-03-16,46.6,65.6,2,3.5,12000000.0
Pantheon (roller coaster),Busch Gardens Williamsburg,Under construction,Intamin,2022,37.2339,-76.6426,Steel,2022-01-01,73.0,,2,,
Wood Coaster (Mountain Flyer),OCT East,Operating,Great Coasters International,2011,22.6145,114.2968,Wood,2011-07-19,61.2,,0,,90000000.0
Swamp Thing (Wild Adventures),Wild Adventures,Operating,Vekoma,2003,30.7196,-83.3217,Steel,2003-01-01,26.0,,0,2.2,
Dragon Slayer (roller coaster),Adventureland (Iowa),Operating,S&S - Sansei Technologies,2021,41.651,-93.5024,Steel,2021-05-29,34.0,,0,,7000000.0
Prowler (roller coaster),Worlds of Fun,Operating,Great Coasters International,2009,39.1744,-94.4837,Wood,2009-05-02,51.2,,0,,8000000.0
The Joker Funhouse Coaster,Six Flags Over Georgia,Operating,Chance Manufacturing,2004,33.7678,-84.551,Steel,2004-09-04,30.0,,0,,
Green Lantern Coaster,Warner Bros. Movie World,Operating,S&S – Sansei Technologies,2011,-27.9073,153.3136,Steel,2011-12-23,41.0,108.3,2,3.5,
Superman: La Atracción de Acero,Parque Warner Madrid,Operating,Bolliger & Mabillard,2002,40.2277,-3.5906,Steel,2002-04-06,62.1,,7,,
Fairly Odd Coaster,Nickelodeon Universe,Operating,Gerstlauer,2004,44.8542,-93.2422,Steel,2004-03-15,31.0,,0,3.2,
Rewind Racers,Adventure City,Operating,Gerstlauer,2015,33.8151,-117.993,Steel,2015-06-06,31.1,,0,,2000000.0
Iron Shark,Galveston Island Historic Pleasure Pier,Operating,Gerstlauer,2012,29.2858,-94.7895,Steel,2012-06-01,52.0,,4,,
Goliath (Walibi Holland),Walibi Holland,Operating,Intamin,2002,52.4386,5.7614,Steel,2002-03-29,65.9,154.8,0,,
Winja's Fear & Force,Other,Operating,Maurer AG,2002,50.8002,6.8777,Steel,2002-03-30,37.2,,0,,
Hypersonic XLC,Kings Dominion,Removed,S&S – Sansei Technologies,2001,37.8372,-77.446,Steel,2001-03-24,80.0,,0,4.0,15000000.0
West Coast Racers,Six Flags Magic Mountain,Operating,Premier Rides,2020,34.4217,-118.5992,Steel,2020-01-09,55.0,,4,,
The Voyage (roller coaster),Holiday World & Splashin' Safari,Operating,The Gravity Group,2006,38.1213,-86.9115,Wood,2006-05-06,67.0,,0,,6500000.0
Takabisha,Fuji-Q Highland,Operating,Gerstlauer,2011,35.4853,138.78,Steel,2011-07-16,62.1,141.1,7,,
Wave Breaker: The Rescue Coaster,SeaWorld San Antonio,Operating,Intamin,2017,29.4553,-98.6961,Steel,2017-06-16,44.0,,0,,18000000.0
Fury (roller coaster),Bobbejaanland,Operating,Gerstlauer,2019,51.1993,4.909,Steel,2019-06-24,66.2,141.1,2,,
Top Thrill Dragster,Cedar Point,Closed,Intamin,2003,41.484,-82.6862,Steel,2003-05-04,120.0,,0,,25000000.0
Cornball Express,Indiana Beach,Operating,Custom Coasters International,2001,40.7898,-86.771,Wood,2001-05-18,45.0,,0,4.7,
Xcelerator,Knott's Berry Farm,Operating,Intamin,2002,33.8458,-118.0008,Steel,2002-06-22,82.0,,0,,13000000.0
Diamondback (Kings Island),Kings Island,Operating,Bolliger & Mabillard,2009,39.3421,-84.2674,Other,2009-04-18,80.0,,0,4.2,22000000.0
Kirnu,Linnanmäki,Operating,Intamin,2007,60.1883,24.94,Steel,2007-04-27,37.0,,0,2.6,
OzIris,Parc Astérix,Operating,Bolliger & Mabillard,2012,49.1342,2.5663,Steel,2012-04-07,56.0,,5,,
Cobra's Curse,Busch Gardens Tampa Bay,Operating,Mack Rides,2016,,,Steel,2016-06-17,40.0,,0,,
Golden Wings in Snowfield,Happy Valley Beijing,Operating,Vekoma,2006,39.865,116.4846,Steel,2006-07-09,53.7,,4,,
Surfrider,Wet'n'Wild Gold Coast,Operating,Intamin,2007,-27.9143,153.3164,Steel,2007-09-01,,98.4,0,,
Stealth (roller coaster),Thorpe Park,Operating,Intamin,2006,51.405,-0.5153,Steel,2006-03-15,80.0,205.1,0,,12000000.0
Furius Baco,PortAventura Park,Operating,Intamin,2007,41.0847,1.1564,Steel,2007-06-05,83.9,,1,4.7,15000000.0
Goliath (La Ronde),La Ronde,Operating,Bolliger & Mabillard,2006,45.5278,-73.5363,Steel,2006-05-13,68.4,,0,,18700000.0
Time Traveler (roller coaster),Silver Dollar City,Operating,Mack Rides,2018,36.669,-93.3377,Steel,2018-03-14,50.3,,3,,26000000.0
Octonauts Rollercoaster Adventure,Alton Towers,Operating,Zamperla,2015,,,Steel,2015-03-21,,,0,,
Icon (roller coaster),Blackpool Pleasure Beach,Operating,Mack Rides,2018,53.7903,-3.0556,Steel,2018-05-25,52.8,,1,4.3,16250000.0
Flying Ace Aerial Chase,Kings Island,Operating,Vekoma,2001,,,Steel,2001-01-01,26.0,,0,2.2,
California Screamin',Disney California Adventure,Operating,Intamin,2001,33.8046,-117.9218,Steel,2001-02-08,55.0,,1,,60000000.0
Grover's Alpine Express,Busch Gardens Williamsburg,Operating,Zierer,2009,37.2361,-76.6444,Steel,2009-04-03,26.5,,0,,
Desmo Race,Other,Operating,Maurer AG,2019,44.3389,12.2636,Steel,2019-07-25,49.7,,0,1.2,
Apocalypse: The Ride,Six Flags Magic Mountain,Operating,Great Coasters International,2009,34.4213,-118.5998,Wood,2009-05-23,50.1,,0,,10000000.0
Mystic (roller coaster),Walibi Rhône-Alpes,Operating,Gerstlauer,2019,45.62,5.5715,Steel,2019-05-30,52.8,,3,,6000000.0
Zadra (roller coaster),Energylandia,Operating,Rocky Mountain Construction,2019,50.0019,19.4031,Other,2019-08-22,75.2,206.0,3,4.0,
Texas Giant,Six Flags Over Texas,Operating,Rocky Mountain Construction,1990,32.7564,-97.0731,Steel,2011-04-22,65.0,,0,4.2,10000000.0
BomBora (Lagoon),Lagoon,Operating,Lagoon,2011,40.9855,-111.8923,Steel,2011-04-02,31.0,,0,,
Time Warp (roller coaster),Canada's Wonderland,Operating,Zamperla,2004,43.8408,-79.5396,Steel,2004-05-02,25.7,50.2,2,,
Guardians of the Galaxy: Cosmic Rewind,Epcot,Under construction,Vekoma,2022,,,Steel,2022-01-01,,,0,,
Incredicoaster,Disney California Adventure,Operating,Intamin,2001,33.8046,-117.9218,Steel,2001-02-08,55.0,,1,,60000000.0
ISpeed,Mirabilandia,Operating,Intamin,2009,,,Steel,2009-05-20,74.6,,2,,15000000.0
Expedition GeForce,"Holiday Park, Germany",Operating,Intamin,2001,49.32,8.295,Steel,2001-06-18,74.6,,0,4.5,
El Loco (Adventuredome),Adventuredome,Operating,S&S – Sansei Technologies,2014,36.1375,-115.1666,Steel,2014-02-18,45.0,,2,,
Cheetah (Wild Adventures),Wild Adventures,Removed,Custom Coasters International,2001,30.7196,-83.3257,Wood,2001-06-16,52.0,,0,,4500000.0
Banshee (roller coaster),Kings Island,Operating,Bolliger & Mabillard,2014,39.3457,-84.2655,Steel,2014-04-18,68.0,,7,,24000000.0
Silver Star (roller coaster),Europa-Park,Operating,Bolliger & Mabillard,2002,48.268,7.72,Steel,2002-03-23,78.9,239.5,0,4.0,
Huracan (Belantis),Belantis,Operating,Gerstlauer,2010,51.2531,12.3125,Steel,2010-06-26,52.8,105.0,5,4.3,5000000.0
Sierra Sidewinder,Knott's Berry Farm,Operating,Mack Rides,2007,33.845,-117.9986,Steel,2007-05-26,37.0,,0,,
Rugrats Runaway Reptar (Dreamworld),Dreamworld,Operating,Vekoma,2002,-27.8639,153.3169,Steel,2002-12-26,26.0,48.9,0,2.2,
Tatsu,Six Flags Magic Mountain,Operating,Bolliger & Mabillard,2006,34.4219,-118.5975,Steel,2006-05-13,62.0,,4,,21000000.0
Speed: No Limits,Oakwood Theme Park,Operating,Gerstlauer,2006,51.779,-4.805,Steel,2006-04-13,59.0,,2,4.5,3000000.0
Panic Coaster – Back Daaan,Tokyo Dome City Attractions,Operating,Gerstlauer,2019,,,Steel,2019-03-23,18.6,,0,,
American Thunder (roller coaster),Six Flags St. Louis,Operating,Great Coasters International,2008,38.5125,-90.6772,Wood,2008-06-20,48.0,,0,,7000000.0
Mammut (roller coaster),Gardaland,Operating,Vekoma,2008,45.4578,10.7125,Steel,2008-03-19,31.1,,0,,
Black Mamba (roller coaster),Phantasialand,Operating,Bolliger & Mabillard,2006,50.7986,6.8803,Steel,2006-05-24,49.7,,4,4.0,
Thunderbolt (2014 roller coaster),Luna Park,Operating,Zamperla,2014,40.5735,-73.9826,Steel,2014-06-14,56.0,,4,4.3,9000000.0
Wipeout (roller coaster),Pleasurewood Hills,Operating,Vekoma,1988,52.5075,1.7434,Steel,2007-01-01,50.0,,6,,
Hydrus (roller coaster),Casino Pier,Operating,Gerstlauer,2017,39.9428,-74.0721,Steel,2017-05-26,45.0,,3,,
Steel Taipan,Dreamworld,Under construction,Mack Rides,2021,-27.8623,153.3152,Steel,2021-01-01,65.2,,4,3.8,32000000.0
SpongeBob SquarePants Rock Bottom Plunge,Nickelodeon Universe,Operating,Gerstlauer,2008,44.8553,-93.2425,Steel,2008-03-15,43.5,,2,4.4,2500000.0
Tigris (roller coaster),Busch Gardens Tampa,Operating,Premier Rides,2019,28.0379,-82.4249,Steel,2019-04-19,62.0,,1,,
Van Helsing's Factory,Movie Park Germany,Operating,Gerstlauer,2011,51.6221,6.9752,Steel,2011-06-18,22.4,26.2,0,4.0,5000000.0
The Monster (Adventureland),Adventureland (Iowa),Operating,Gerstlauer,2016,41.6518,-93.5014,Steel,2016-06-04,65.2,133.2,5,,9000000.0
Jersey Devil Coaster,Six Flags Great Adventure,Operating,Rocky Mountain Construction,2021,40.1377,-74.4405,Steel,2021-06-13,58.0,,3,,
Star Wars Hyperspace Mountain,Disneyland Park (Paris),Operating,Vekoma,2017,48.8741,2.7793,Steel,2017-05-07,44.0,,3,,
Hollywood Dream – The Ride,Universal Studios Japan,Operating,Bolliger & Mabillard,2007,34.6666,135.4338,Steel,2007-03-09,55.9,144.4,0,,50000000.0
Twisted Cyclone,Six Flags Over Georgia,Operating,Rocky Mountain Construction,1990,33.7703,-84.5522,Steel,2018-05-25,50.0,,3,,
Kvasten,Gröna Lund,Operating,Vekoma,2007,59.3226,18.0964,Steel,2007-04-28,34.2,64.3,0,2.5,7850000.0
Twist Coaster Robin,Yomiuriland,Removed,Sansei Technologies,2014,35.6253,139.5194,Steel,2014-03-19,38.5,62.3,2,3.9,450000000.0
ZDT's Amusement Park,ZDT's Amusement Park,Operating,The Gravity Group,2015,,,Wood,2015-10-17,40.4,,0,,
Insane (Gröna Lund),Gröna Lund,Operating,Intamin,2009,59.3233,18.0953,Steel,2009-04-25,37.3,116.5,0,3.5,
Goliath (Six Flags Over Georgia),Six Flags Over Georgia,Operating,Bolliger & Mabillard,2006,33.7692,-84.55,Steel,2006-04-01,70.0,,0,,20000000.0
Flug der Dämonen,Heide Park Resort,Operating,Bolliger & Mabillard,2014,53.0262,9.8796,Steel,2014-03-29,62.1,131.2,5,4.0,15000000.0
Aquaman: Power Wave,Six Flags Over Texas,Under construction,Mack Rides,2022,32.756,-97.071,Steel,2022-01-01,62.1,,0,,
Stunt Pilot (roller coaster),Silverwood Theme Park,Operating,Rocky Mountain Construction,2021,47.9065,-116.708,Steel,2021-05-29,52.0,,3,,
Boardwalk Bullet,Kemah Boardwalk,Operating,Martin & Vleminckx,2007,29.5463,-95.0173,Wood,2007-08-31,51.0,,0,3.5,1.0
Dauling Dragon,Other,Operating,Martin & Vleminckx,2012,30.5912,114.3879,Wood,2012-04-29,,,0,,
Colossos - Kampf der Giganten,Heide Park,Operating,Intamin,2001,53.0231,9.8833,Wood,2001-04-13,68.4,164.0,0,4.5,
Taiga (roller coaster),Linnanmäki,Operating,Intamin,2019,60.1885,24.9391,Steel,2019-06-18,65.9,,4,5.0,
Untamed (roller coaster),Canobie Lake Park,Operating,Gerstlauer,2011,42.7962,-71.249,Steel,2011-06-11,44.0,,3,4.5,
10 Inversion Roller Coaster,Chimelong Paradise,Operating,Intamin,2006,23.0044,113.3269,Steel,2006-01-01,45.0,,10,,
Merlin's Mayhem,Dutch Wonderland,Operating,S&S – Sansei Technologies,2018,40.0287,-76.2186,Steel,2018-04-28,,,0,,7500000.0
Moto Coaster (Six Flags Darien Lake),Six Flags Darien Lake,Operating,Zamperla,2008,42.9304,-78.3834,Steel,2008-05-01,38.0,,0,,3.4
Monster (Gröna Lund),Gröna Lund,Operating,Bolliger & Mabillard,2021,59.3239,18.0961,Steel,2021-06-02,55.9,,3,4.5,450000000.0
Smoky Mountain Alpine Coaster,Other,Operating,Wiegand,2013,35.7934,-83.5965,Steel,2013-08-03,27.0,,0,,
Valravn (roller coaster),Cedar Point,Operating,Bolliger & Mabillard,2016,41.4813,-82.684,Steel,2016-05-07,75.0,,3,,
Dragon Wagon (Indiana Beach),Indiana Beach,Removed,Wisdom Rides,2014,40.79,-86.7713,Steel,2014-08-01,,,0,,
Wonder Woman Flight of Courage,Six Flags Magic Mountain,Under construction,Rocky Mountain Construction,2022,,,Steel,2022-01-01,58.0,,3,,
Skyrush,Hersheypark,Operating,Intamin,2012,,,Steel,2012-05-26,75.0,,0,5.0,25000000.0
Crazy Bird,Happy Valley Tianjin,Operating,S&S – Sansei Technologies,2013,39.1847,117.4686,Steel,2013-12-22,,,2,,
DC Rivals HyperCoaster,Warner Bros. Movie World,Operating,Mack Rides,2017,-27.908,153.314,Steel,2017-09-22,71.5,202.1,0,4.3,30000000.0
Mick Doohan's Motocoaster,Dreamworld,Operating,Intamin,2007,-27.8628,153.3169,Steel,2007-09-30,44.7,23.0,0,,10000000.0
Nitro (Imagicaa),Imagicaa,Operating,Bolliger & Mabillard,2013,18.7664,73.28,Steel,2013-10-01,65.2,,5,,
FireChaser Express,Dollywood,Operating,Gerstlauer,2014,35.7947,-83.5301,Steel,2014-03-22,34.5,,0,,15000000.0
Vipère (roller coaster),Other,,Intamin,2011,,,Steel,2011-07-01,37.0,,0,,
Wild Mouse (Beech Bend Park),Beech Bend Park,Operating,Zamperla,2005,37.0225,-86.4017,Steel,2005-01-01,29.1,,0,2.5,
Kentucky Flyer,Kentucky Kingdom,Operating,Gravitykraft Corporation,2019,38.1943,-85.7443,Wood,2019-04-28,35.0,,0,,5000000.0
Karacho,Erlebnispark Tripsdrill,Operating,Gerstlauer,2013,49.0377,9.0544,Steel,2013-07-10,55.9,98.4,4,,7000000.0
Superman Escape,Warner Bros. Movie World,Operating,Intamin,2005,-27.908,153.3125,Steel,2005-12-26,62.1,131.2,0,4.2,16000000.0
Cobra (PowerPark),PowerPark,Operating,Vekoma,2005,63.2298,22.8587,Steel,2005-01-01,47.0,,3,5.2,
Rougarou (roller coaster),Cedar Point,Operating,Bolliger & Mabillard,1996,41.4826,-82.6874,Steel,2015-05-09,60.0,,4,,12000000.0
Troy (roller coaster),Toverland,Operating,Great Coasters International,2007,,,Wood,2007-06-29,54.0,104.7,0,2.4,6500000.0
Ricochet (Carowinds),Carowinds,Operating,Mack Rides,2002,35.1042,-80.9428,Steel,2002-03-23,28.0,,0,,
Intimidator (roller coaster),Carowinds,Operating,Bolliger & Mabillard,2010,35.1031,-80.9394,Steel,2010-03-27,75.0,,0,4.3,23000000.0
Storm Chaser (roller coaster),Kentucky Kingdom,Operating,Rocky Mountain Construction,1998,38.1958,-85.7503,Steel,2016-04-30,52.0,,3,3.8,10000000.0
Colossus (Thorpe Park),Thorpe Park,Operating,Intamin,2002,51.4032,-0.513,Steel,2002-03-22,45.0,,10,4.2,13500000.0
Nemesis Inferno,Thorpe Park,Operating,Bolliger & Mabillard,2003,51.4035,-0.5164,Steel,2003-04-05,49.7,95.1,4,5.0,8000000.0
Steel Dragon (Waldameer),Waldameer Park,Operating,Maurer AG,2004,42.1081,-80.1589,Steel,2004-07-02,37.3,,0,,4000000.0
